,gene_group,associated_uniprot_IDs,associated_reactions
1,b3011,Q46856,13PPDH2;ALDD2y;ALDD3y
2,b4213,P08331,23PDE2pp;23PDE4pp;23PDE7pp;23PDE9pp;3NTD2pp;3NTD4pp;3NTD7pp;3NTD9pp
3,b2836,P31119,2AGPEAT120;2AGPEAT140;2AGPEAT141;2AGPEAT160;2AGPEAT161;2AGPEAT180;2AGPEAT181;2AGPGAT120;2AGPGAT140;2AGPGAT141;2AGPGAT160;2AGPGAT161;2AGPGAT180;2AGPGAT181
4,b4298,P39359,2DDARAA
5,b0268,P75682,2DDARAA
6,b3553,P37666,2DGULRGx;2DGULRGy;2DGULRx;2DGULRy;DKGLCNR2x;DKGLCNR2y;GLYCLTDx;GLYCLTDy;HPYRRx;HPYRRy
7,b3826,P27848,2DOXG6PP;E4PP;F6PP;G6PP;MN6PP;PYDXPP
8,b1727,P77247,2DOXG6PP;E4PP;GAPP;MN6PP
9,b2293,P77625,2DOXG6PP;E4PP;F1PP;F6PP;G1PP;G6PP;R5PP;RU5PP
10,b0446,P46891,2DOXG6PP;2MAHMP;ACP1_FMN;PYDXPP
11,b2989,Q46845,2HESR
12,b2302,P77526,2HESR
13,b1400,P77181,2HPTCOAT
14,b1134,P0AEI6,2MAHMP;NDP3;TDP
15,b1009,P75895,3AMACHYD
16,b0954,P0A6Q3,3HAD100;3HAD120;3HAD121;3HAD140;3HAD141;3HAD160;3HAD161;3HAD180;3HAD181;3HAD40;3HAD60;3HAD80;T2DECAI
17,b0180,P0A6Q6,3HAD100;3HAD120;3HAD121;3HAD140;3HAD141;3HAD160;3HAD161;3HAD180;3HAD181;3HAD40;3HAD60;3HAD80;OGMEACPD;OPMEACPD
18,b0597,P0A8Y8,3HBZCT
19,b0347,P77397,3HCINNMH;3HPPPNH
20,b1300,P23883,3HPADHi;GGGABADr
21,b3580,P37677,3KGK;XYLK2
22,b0383,P00634,3NTD2pp;3NTD4pp;3NTD4pp;3NTD7pp;3NTD9pp;ACP1p;G1PPpp;G2PPpp;NTD2pp;NTD4pp;NTD7pp;NTD9pp;PPTHpp;PSP_Lpp;PTHRpp;R5PPpp
23,b1093,P0AEK2,3OAR100;3OAR120;3OAR121;3OAR140;3OAR141;3OAR160;3OAR161;3OAR180;3OAR181;3OAR40;3OAR60;3OAR80;OGMEACPR;OPMEACPR
24,b2323,P0A953,3OAS100;3OAS120;3OAS121;3OAS140;3OAS141;3OAS160;3OAS161;3OAS180;3OAS60;3OAS80;KAS14;MACPD;OPMEACPS
25,b1095,P0AAI5,3OAS100;3OAS120;3OAS140;3OAS160;3OAS180;3OAS181;3OAS60;3OAS80;KAS14
26,b1397,P0C7L2,3OXCOAT
27,b3882,P0A9V8,3SLAR;GHBDHx
28,b1386,P46883,42A12BOOXpp;PEAMNOpp;TYROXDApp
29,b1337;b1338,P76052;P77357,4ABZGLUH
30,b0870,P75823,4HTHRA;ALATA_D2;ALATA_L2;THRA;THRA2
31,b0003,P00547,4HTHRK;HSK
32,b1192,P76008,4PCP;AGM4PCP;AM4PCP;UM4PCP
33,b2175,P0AFV4,4PCPpp;AGM4PCPpp;MDDEP1pp;MDDEP2pp;MDDEP3pp;MDDEP4pp
34,b4266,P0A9P9,5DGLCNR;5DKGR
35,b2842,P37769,5DKGR
36,b0159,P0AF12,5DOAN;AHCYSNS;MTAN
37,b3883,P32143,6D6SFK
38,b3881,P32141,6D6SPA
39,b3197,P45395,A5PISO
40,b2708,P17115,A5PISO
41,b1094;b2836,P0A6A8;P31119,AACPS1;AACPS2;AACPS3;AACPS4;AACPS5;AACPS6;AACPS7;AACPS8;AACPS9
42,b4481,P56258,AADDGT
43,b1927,P26612,AAMYL
44,b3571,P25718,AAMYLpp
45,b2901,Q46829,AB6PGH
46,b3721,P11988,AB6PGH;BGLA1
47,b2716,P24240,AB6PGH;BGLA1
48,b2662,P22256,ABTA;ACOTA;SDPTA
49,b1302,P50457,ABTA;ACOTA;SDPTA
50,b1444,P77674,ABUTD
51,b2221;b2222,P76458;P76459,ACACCT;BUTCT;HXCT
52,b1694,P37766,ACACCT
53,b2224,P76461,ACACT1r
54,b2342,P76503,ACACT1r;ACACT2r;ACACT3r;ACACT4r;ACACT5r;ACACT6r;ACACT7r;ACACT8r
55,b3845,P21151,ACACT1r;ACACT2r;ACACT3r;ACACT4r;ACACT5r;ACACT6r;ACACT7r;ACACT8r
56,b0351,P77580,ACALD
57,b1241,P0A9Q7,ACALD;ALCD19;ALCD2x
58,b1463,P77567,ACANTHAT
59,b1993,P0AE76,ACBIPGT;ADOCBIK
60,b0185;b2316;b3255;b3256,P0ABD5;P0A9Q5;P0ABD8;P24182,ACCOAC
61,b4069,P27550,ACCOAL;ACS
62,b0335,P77495,ACCOAL
63,b1119,P75959,ACGAMK
64,b3784,P0AC78,ACGAMT
65,b3959,P0A6C8,ACGK
66,b2818,P0A6C5,ACGS
67,b3670;b3671,P0ADF8;P08142,ACHBS;ACLS
68,b0077;b0078,P00893;P00894,ACHBS;ACLS
69,b2296,P0A6A3,ACKr
70,b1849,P33221,ACKr;GART
71,b3115,P11868,ACKr;PPAKr
72,b2428,P76535,ACM6PH
73,b3794,P27836,ACMAMUT
74,b3225,P0A6L4,ACNML
75,b0221,Q47146,ACOAD1f;ACOAD2f;ACOAD3f;ACOAD4f;ACOAD5f;ACOAD6f;ACOAD7f;ACOAD8f
76,b1695,P0A9U8,ACOAD1fr
77,b1091;b1094,P0A6R0;P0A6A8,ACOATA
78,b3957,P23908,ACODA
79,s0001,None,ACONIs;AOBUTDs;ATPHs;CBMD;DATPHs;DHGLYH;DHPTDCs2;FALGTHLs;FESD1s;FESD2s;G5SADs;GTPHs;METOX1s;METOX2s;MTHTHFSs;NADHHR;NADHHS;NADPHHR;NADPHHS;OMCDC
80,b1519,P76145,ACONMT
81,b0118,P36683,ACONTa;ACONTb;MICITDr
82,b1276,P25516,ACONTa;ACONTb
83,b1748,P77581,ACOTA;SDPTA;SOTA
84,b3359,P18335,ACOTA;SDPTA
85,b2371,P76518,ACOXT
86,b3812,P0ADP0,ACP1_FMN;PMDPHT
87,b0844,P75809,ACP1_FMN;PMDPHT
88,b1090;b1094,P27247;P0A6A8,ACPPAT120;ACPPAT140;ACPPAT141;ACPPAT160;ACPPAT161;ACPPAT180;ACPPAT181
89,b2563,P24224,ACPS1
90,b3475,P37623,ACPS1
91,b1623,P22333,ADA;DADA
92,b1096,P28305,ADCL;CHRPL
93,b4039,P26602,ADCL;CHRPL
94,b1812;b3360,P05041;P00903,ADCS
95,b3665,P31441,ADD
96,b0474,P69441,ADK1;ADK3;ADK4;ADNK1;DADK;NDPK1;NDPK2;NDPK3;NDPK4;NDPK5;NDPK6;NDPK7;NDPK8
97,b0120,P0A7F6,ADMDC
98,b3806,P00936,ADNCYC
99,b0030,P22564,ADNUC;CYTDH;INSH;URIH;XTSNH
100,b1992,P36561,ADOCBLS
101,b3397,P45799,ADPRDP
102,b3034,Q93K97,ADPRDP
103,b0469,P69503,ADPT
104,b2750,P0A6J1,ADSK
105,b1131,P0AB89,ADSL1r;ADSL2r
106,b4177,P0A7D4,ADSS
107,b0677,P0AF18,AGDC
108,b0110,P13016,AGM3PA;AGM4PA;AM3PA;AM4PA
109,b4169,P26365,AGM3PApp;AGM4PApp
110,b2435,P36548,AGM3PApp;AGM4PApp
111,b2817,P63883,AGM3PApp;AGM4PApp
112,b0867,P75820,AGM3PApp;AGM4PApp
113,b1107,P75949,AGM3PH;AGM4PH;AGMH
114,b3619,P67910,AGMHE
115,b2937,P60651,AGMT
116,b3018,P26647,AGPAT120;AGPAT140;AGPAT141;AGPAT160;AGPAT161;AGPAT180;AGPAT181
117,b3958,P11446,AGPR
118,b2913,P0A9T0,AHGDx;ARHGDx;PGCD
119,b1511,P77432,AI2K
120,b4006,P15639,AICART;IMPC
121,b0522,P09029,AIRC2
122,b0523,P0AG18,AIRC3
123,b0116;b0726;b0727,P0A9P0;P0AFG3;P0AFG6,AKGDH
124,b1488,P77790,ALAALAD
125,b0381,P0A6J8,ALAALAr
126,b0092,P07862,ALAALAr
127,b1325,P51981,ALAGLUE
128,b1190,P29012,ALAR
129,b4053,P0A6B4,ALAR
130,b2551,P0A825,ALATA_D2;ALATA_L2;GHMT2r;THFAT;THRA;THRA2
131,b2290,P0A959,ALATA_L
132,b2379,P77434,ALATA_L
133,b1478,P39451,ALCD19;ALCD2x
134,b1385,P80668,ALDD19xr
135,b3588,P37685,ALDD2y;ALDD3y
136,b3003,P0AG84,ALDD2y
137,b0493,P0AFP4,ALDD2y
138,b4269,P27250,ALDD2y;ALDD3y
139,b2690,P77475,ALKP;E4PP;F1PP;F6PP;GNP;PGMT;R5PP
140,b4084,P32718,ALLK
141,b4090,P37351,ALLPI;RPI
142,b0516,P77425,ALLTAMH2
143,b0512,P77671,ALLTN
144,b4085,P32719,ALLULPE
145,b0657;b1677,P23930;P69776,ALPATE160pp;ALPATG160pp
146,b3012,Q46857,ALR2;DKGLCNR1
147,b0207,P30863,ALR2;DKGLCNR1
148,b1781,P76234,ALR2
149,b3001,Q46851,ALR2
150,b1771,P77256,ALR2x
151,b3945,P0A9S5,ALR4x;APPLDHr;GLYCDx;LALDO2x
152,b3091,P42604,ALTRH
153,b3416,P15977,AMALT1;AMALT2;AMALT3;AMALT4
154,b3223,P0A761,AMANAPEr
155,b3222,P45425,AMANK
156,b0774,P12995,AMAOTr
157,b3833,P0A887,AMMQLT8;OMBZLM
158,b3994,P30136,AMPMS2
159,b1982,P0AE12,AMPN
160,b0932,P04825,AMPTASECG;AMPTASEPG
161,b4260,P68767,AMPTASECG;AMPTASEPG
162,b2523,P37095,AMPTASECG;AMPTASEPG
163,b0237,P15288,AMPTASECG;AMPTASEPG;LALGP
164,b1640,P77570,ANHMK
165,b1263,P00904,ANPRT
166,b1263;b1264,P00904;P00895,ANS
167,b0776,P12998,AOXSr2
168,b0049,P05637,AP4AH;AP5AH;GP4GH
169,b4129,P0A8N5,AP4AS
170,b0121,P09158,APCS;SPMS
171,b3059,P60782,APG3PAT120;APG3PAT140;APG3PAT141;APG3PAT160;APG3PAT161;APG3PAT180;APG3PAT181
172,b0968,P0AB65,APH120;APH140;APH141;APH160;APH161;APH180;APH181
173,b0414,P25539,APRAUR;DHPPDA2
174,b2802,P69922,ARABDI;FCI
175,b0062,P08202,ARAI
176,b4117,P28629,ARGDC
177,b2938,P21170,ARGDCpp
178,b3960,P11447,ARGSL
179,b3172,P0A6E4,ARGSS
180,b4096;b4099;b4100;b4101,P16679;P16687;P16686;P16685,ARMEPNS
181,b3433,P0A9Q9,ASAD
182,b4192,P39300,ASCBPL
183,b1767,P0A962,ASNN
184,b0828,P37595,ASNN
185,b2957,P00805,ASNNpp;GLUNpp
186,b0674,P22106,ASNS1;ASNS2
187,b3744,P00963,ASNS2
188,b0131,P0A790,ASP1DC
189,b4244;b4245,P0A7F3;P0A786,ASPCT
190,b4245,P0A786,ASPCT
191,b0002,P00561,ASPK;HSDy
192,b3940,P00562,ASPK;HSDy
193,b4024,P08660,ASPK
194,b2574,P10902,ASPO3;ASPO4;ASPO5;ASPO6
195,b4139,P0AC38,ASPT
196,b0928,P00509,ASPTA;CYSTA;PHETA1;TYRTA
197,b4054,P04693,ASPTA;LEUTAi;PHETA1;TYRTA
198,b1747,P0AE37,AST
199,b1539,P39831,ATHRDHr;DSERDHr;LSERDHr;MSAR
200,b2019,P60757,ATPPRT
201,b3731;b3732;b3733;b3734;b3735;b3736;b3737;b3738;b3739,P0A6E6;P0ABB4;P0ABA6;P0ABB0;P0ABA4;P0ABA0;P68699;P0AB98;P0ABC0,ATPS4rpp
202,b3731;b3732;b3733;b3734;b3735;b3736;b3737;b3738,P0A6E6;P0ABB4;P0ABA6;P0ABB0;P0ABA4;P0ABA0;P68699;P0AB98,ATPS4rpp
203,b0312,P17445,BETALDHx;BETALDHy
204,b1734,P17411,BGLA1;MC6PH
205,b0827,P12281,BMOCOS;BWCOS;MOCOS;WCOS
206,b3857,P32173,BMOGDS1;BMOGDS2;BWCOGDS1;BWCOGDS2;MOGDS
207,b3856;b3857,P32125;P32173,BMOGDS1;BMOGDS2;BWCOGDS1;BWCOGDS2;MOGDS
208,b4214,P22255,BPNT
209,b3551,P20099,BSORx;BSORy
210,b0775,P12996,BTS5
211,b1732,P21179,CAT
212,b3942,P13029,CAT
213,b1270,P0A9H5,CBIAT;CBLAT
214,b0521,P37306,CBMKr
215,b0032;b0033,P0A6F1;P00968,CBPS
216,b0444,P77756,CCGS
217,b3918,P06282,CDAPPA120;CDAPPA140;CDAPPA141;CDAPPA160;CDAPPA161;CDAPPA180;CDAPPA181
218,b2794,Q46920,CDGR
219,b2503,P77172,CDGUNPD
220,b1489,P76129,CDGUNPD;PDE1;PDE4
221,b3525,P37646,CDGUNPD
222,b1285,P77334,CDGUNPD;LDGUNPD
223,b0315,P21514,CDGUNPD
224,b1208,P62615,CDPMEK
225,b3614,P37691,CDPPH;NDP3;NDP7
226,b1661,P0A9H7,CFAS160E;CFAS160G;CFAS180E;CFAS180G
227,b0311,P17444,CHOLD
228,b1619,P0AET8,CHOLID
229,b2599,P0A9J8,CHORM;PPNDH
230,b2600,P07023,CHORM;PPND
231,b2329,P12008,CHORS
232,b2538;b2539;b2540;b2542,P0ABR5;Q47140;P0ABW0;P77650,CINNDO;PPPNDO
233,b0614;b0615;b0616;b0617,P0A6G5;P75726;P0A9I1;P69330,CITL
234,b0789,P0AA84,CLPNS120pp;CLPNS140pp;CLPNS141pp;CLPNS160pp;CLPNS161pp;CLPNS180pp;CLPNS181pp
235,b1249,P0A6H8,CLPNS120pp;CLPNS140pp;CLPNS141pp;CLPNS160pp;CLPNS161pp;CLPNS180pp;CLPNS181pp
236,b2174,P76445,COLIPAKpp
237,b2765,P65870,CPH4S
238,b4098,P16688,CPL
239,b0781;b0783,P30745;P0A738,CPMPS
240,b2436,P36553,CPPPGO
241,b3867,P32131,CPPPGO2
242,b0038,P31572,CRNBTCT;CRNCBCT
243,b0037,P31552,CRNCAL2;CRNDCAL2;CTBTCAL2
244,b0036,P31551,CRNCAR;CRNCDH
245,b0720,P0ABH7,CS
246,b0337,P25524,CSND
247,b3846,P21177,CTECOAI6;CTECOAI7;CTECOAI8;ECOAH1;ECOAH2;ECOAH3;ECOAH4;ECOAH5;ECOAH6;ECOAH7;ECOAH8;HACD1;HACD2;HACD3;HACD4;HACD5;HACD6;HACD7;HACD8
248,b2780,P0A7E5,CTPS2
249,b1449,P76113,CURR;DHCURR
250,b1870,P76290,CXSAMS
251,b3425,P0A6V5,CYANST
252,b2668,P55734,CYANST
253,b2521,P31142,CYANST;MCPST
254,b0340,P00816,CYNTAH
255,b1919,P76316,CYSDDS
256,b3008,P06721,CYSDS;CYSTL
257,b3708,P0A853,CYSDS;SERD_L;TRPAS2
258,b2421,P16703,CYSS
259,b2414,P0ABK5,CYSS
260,b2810,Q46925,CYSSADS
261,b1680,P77444,CYSSADS
262,b1622,P23256,CYSTL
263,b0978;b0979,P26459;P26458,CYTBD2pp;CYTBDpp
264,b0733;b0734;b4515,P0ABJ9;P0ABK2;P56100,CYTBDpp
265,b0429;b0430;b0431;b0432,P0ABJ6;P0ABJ3;P0ABI8;P0ABJ1,CYTBO3_4pp
266,b2143,P0ABF6,CYTD;DCYTD
267,b2162,P33022,CYTDH;URIH
268,b0651,P41409,CYTDH;URIH
269,b2066,P0A8F4,CYTDK1;CYTDK2;URIK1;URIK2
270,b0910,P0A6I0,CYTK1;CYTK2;UMPK
271,b1189,P0A6J5,DAAD
272,b4042,P0ABN1,DAGK120;DAGK140;DAGK141;DAGK160;DAGK161;DAGK180;DAGK181
273,b2871,P66899,DAPAL
274,b2838,P00861,DAPDC
275,b3809,P0A6K1,DAPE
276,b0175,P0ABG1,DASYN120;DASYN140;DASYN141;DASYN160;DASYN161;DASYN180;DASYN181
277,b3041,P0A7J0,DB4PS
278,b0778,P13000,DBTS
279,b1733,P37794,DC6PDA
280,b2065,P28248,DCTPD
281,b3693,P31459,DDGALK
282,b3526,P37647,DDGLK
283,b2601,P00888,DDPA
284,b0754,P0AB91,DDPA
285,b1704,P00887,DDPA
286,b4477,Q6BF16,DDPGALA
287,b3648,P60546,DGK1;GK1
288,b1341,P77302,DGUNC
289,b1794,P76245,DGUNC
290,b1535,P31129,DGUNC
291,b1025,P75908,DGUNC
292,b1490,P0AA89,DGUNC
293,b1393,P76082,DHACOAH
294,b3771,P05791,DHAD1;DHAD2
295,b1198;b1199;b1200;b2415;b2416,P37349;P76014;P76015;P0AA04;P08839,DHAPT
296,b0596,P15047,DHBD
297,b0594,P10378,DHBS
298,b2541,P0CI31,DHCIND;DHPPD
299,b0348,P0ABR9,DHCINDO;HPPPNDO
300,b0031,P04036,DHDPRy
301,b2478,P0A6L2,DHDPS
302,b1606,P0AFS3,DHFR;DHMPTR
303,b0048,P0ABQ4,DHFR
304,b2315,P08192,DHFS
305,b3930,P32166,DHNAOT4
306,b2262,P0ABU0,DHNCOAS
307,b1686,P77781,DHNCOAT
308,b3058,P0AC16,DHNPA2r;DHNPTE
309,b0945,P0A7E1,DHORD2;DHORD5
310,b1062,P05020,DHORTS
311,b3177,P0AC13,DHPS2
312,b0578,P38489,DHPTDNR;DHPTDNRN
313,b2303,P0AC19,DHPTPE
314,b3389,P07639,DHQS
315,b1693,P05194,DHQTi
316,b0421,P22939,DMATT;GRTT
317,b0029,P62623,DMPPS;IPDPS
318,b2232,P17993,DMQMT;OHPHM
319,b1587;b1588;b1589;b1590,P77374;P77783;P0AAJ1;P76173,DMSOR1;TMAOR1
320,b0894;b0895;b0896,P18775;P18776;P18777,DMSOR1;DMSOR2;TMAOR1;TMAOR2
321,b1872;b1873,P46923;P52005,DMSOR1pp;DMSOR2pp;TMAOR1pp;TMAOR2pp
322,b1865,P0AFC0,DNTPPA;NTPP5
323,b0099,P08337,DNTPPA;NTPP1;NTPP2
324,b3575,P37672,DOGULNR
325,b0103,P0A6I9,DPCOAK
326,b0425,P0A9J4,DPR
327,b3774,P05793,DPR;KARA1;KARA2
328,b4381,P0A6L0,DRPA
329,b1185;b3860,P0A6M2;P0AEG4,DSBAO1;DSBAO2
330,b2893,P0AEG6,DSBCGT
331,b2582;b4136,P0AGG4;P36655,DSBDR
332,b3781;b4136,P0AA25;P36655,DSBDR
333,b0604,P77202,DSBGGT
334,b4122,P14407,DTARTD;FUM
335,b1098,P0A720,DTMPK
336,b2146;b2147,P76440;P25889,DURADx
337,b1238,P23331,DURIK1;TMDK1
338,b4382,P07650,DURIPP;TMDPP
339,b4384,P0ABP8,DURIPP;PUNP1;PUNP2;PUNP3;PUNP4;PUNP5;PUNP6
340,b3640,P06968,DUTPDP
341,b2251,P52006,DUTPDP;NTPP3;NTPP7
342,b0173,P45568,DXPRIi
343,b0420,P77488,DXPS
344,b3564,P09099,DXYLK;XYLK
345,b0269,P77596,DXYLTD
346,b4297,P39358,DXYLTD
347,b2927,P0A9B6,E4PD
348,b1779,P0A9B2,E4PD;GAPD;NADHHR;NADHHS;NADPHHR;NADPHHS
349,b0822,P75792,E4PP;F1PP;F6PP;G3PT;G6PP;MN6PP;R5PP
350,b1288,P0AEK4,EAR100x;EAR100y;EAR120x;EAR120y;EAR121x;EAR121y;EAR140x;EAR140y;EAR141x;EAR141y;EAR160x;EAR160y;EAR161x;EAR161y;EAR180x;EAR180y;EAR181x;EAR181y;EAR40x;EAR40y;EAR60x;EAR60y;EAR80x;EAR80y;EGMEACPR;EPMEACPR
351,b3622,P27243,ECA4OALpp;O16A4Lpp
352,b3785;b3793,P0AG00;P27835,ECAP1pp;ECAP2pp;ECAP3pp
353,b3792,P0AAA7,ECAtpp
354,b2341,P77399,ECOAH1;ECOAH2;ECOAH3;ECOAH4;ECOAH5;ECOAH6;ECOAH7;ECOAH8;HACD1;HACD2;HACD3;HACD4;HACD5;HACD6;HACD7;HACD8
355,b1850,P0A955,EDA;OAADC
356,b1851,P0ADF6,EDD
357,b1054,P0ACV0,EDTXS1
358,b1855,P24205,EDTXS2;EDTXS4
359,b2378,P0ACV2,EDTXS3
360,b2779,P0A6P9,ENO
361,b0583,P19925,ENTCS
362,b2440;b2441,P19636;P0AEJ6,ETHAAL
363,b3697,P0A8Y5,F1PP;F6PP;FBP;G1PP;MN6PP;R5PP
364,b0825,P78055,F6PA
365,b3946,P32669,F6PA
366,b0404,P21515,FA100ACPHi;FA120ACPHi;FA140ACPHi;FA141ACPHi;FA160ACPHi;FA161ACPHi;FA80ACPHi
367,b0452,P0AGG2,FACOAE100;FACOAE120;FACOAE140;FACOAE141;FACOAE160;FACOAE161;FACOAE180;FACOAE181;FACOAE60;FACOAE80
368,b3844,P0AEN1,FADRx;FE3Ri;FLVR;FLVRx;FMNRx;FMNRx2
369,b2763;b2764,P17846;P38038,FADRx2;FLVR;FMNRx2;SULR
370,b0356,P25437,FALDH2
371,b2925,P0AB71,FBA;FBA3
372,b2097,P0A991,FBA
373,b4232,P0A993,FBP
374,b3925,P0A9C9,FBP
375,b2930,P21437,FBP
376,b2803,P11553,FCLK
377,b2738,Q46890,FCLPA
378,b2800,P0AB87,FCLPA
379,b0475,P23871,FCLT
380,b2431,P76536,FCLT
381,b1019,P31545,FCLT
382,b3892;b3893;b3894,P0AEL0;P0AAJ5;P32176,FDH4pp;FDH5pp
383,b1474;b1475;b1476,P24183;P0AAJ3;P0AEK7,FDH4pp;FDH5pp
384,b4209,P69506,FESR
385,b2895;b3924,P0ABY4;P28861,FLDR2
386,b0684;b3924,P61949;P28861,FLDR2
387,b0025,P0AG40,FMNAT;RBFK
388,b0937,P80644,FMNRx;FMNRx2
389,b2912,P0AC28,FOMETRi
390,b2374,P69902,FORCT
391,b4151;b4152;b4153;b4154,P0A8Q3;P0A8Q0;P0AC47;P00363,FRD2;FRD3
392,b2168,P0AEW9,FRUK
393,b3371,P0AC00,FRULYSDG
394,b4474,P45541,FRULYSE
395,b3374,P45543,FRULYSK
396,b1232,P37051,FTHFD
397,b1612,P0AC33,FUM
398,b1611,P05042,FUM
399,b3730,P0ACC7,G1PACT;UAGDP
400,b3885,P0A8Y3,G1PP
401,b1002,P19926,G1PPpp;GAL1PPpp
402,b2039,P37744,G1PTT
403,b3789,P61887,G1PTT
404,b0154,P23893,G1SAT
405,b2533,P0ADG4,G2PP;MI1PP
406,b4055,P0AE22,G2PPpp;NTD10pp;NTD11pp;NTD12pp;NTD1pp;NTD2pp;NTD3pp;NTD4pp;NTD5pp;NTD6pp;NTD7pp;NTD8pp;NTD9pp;PSP_Lpp;PTHRpp;R5PPpp;TYRPpp
407,b1094;b4041,P0A6A8;P0A7A7,G3PAT120;G3PAT140;G3PAT141;G3PAT160;G3PAT161;G3PAT180;G3PAT181
408,b3608,P0A6S7,G3PD2
409,b2241;b2242;b2243,P0A9C0;P13033;P0A996,G3PD5;G3PD6;G3PD7
410,b3426,P13035,G3PD5
411,b0675,P0AF24,G3PT;NTD2;NTD4;NTD7;NTD9;PYDXPP;R5PP
412,b0243,P07004,G5SD
413,b0678,P0A759,G6PDA
414,b1852,P0AC53,G6PDH2r
415,b3128,P39829,GALCTD
416,b4358,P39400,GALCTLO
417,b4478,Q6BF17,GALCTND
418,b0757,P0A6T3,GALKr
419,b0756,P0A9C3,GALM2pp
420,b4119,P06720,GALS3
421,b3628,P27127,GALT1
422,b1236,P0AEP3,GALUi
423,b2500,P08179,GARFT
424,b1415,P25553,GCALDD;LCADi
425,b2052,P32055,GDMANE;GOFUCR
426,b2784,P0AG20,GDPDPK;GTPDPK
427,b3650,P0AG24,GDPDPK;GDPTPDP;PPGPPDP
428,b2051,P32056,GDPMNH
429,b2467,P37128,GDPMNP
430,b3729,P17169,GF6PTA
431,b1298,P76038,GGGABAH
432,b1301,P37906,GGPTRCO
433,b1297,P78061,GGPTRCS
434,b3432,P07762,GLBRAN2
435,b0459,P77791,GLCATr;MALTATr
436,b0124,P15877,GLCDpp
437,b0837,P75804,GLCDpp
438,b3428,P0AC86,GLCP;GLCP2
439,b3417,P00490,GLCP;GLCP2;MLTP1;MLTP2;MLTP3
440,b3126,P23522,GLCRAL
441,b2788,Q46915,GLCRD
442,b2787,P0AES2,GLCRD
443,b3429,P0A6U8,GLCS1
444,b3631,P25740,GLCTR1
445,b3627,P27128,GLCTR2
446,b3626,P27129,GLCTR3
447,b3431,P15067,GLDBRAN2
448,b3430,P0A6V1,GLGC
449,b3870,P0A9C5,GLNS
450,b2091,P0A9S3,GLTPD
451,b0242,P0A7B5,GLU5K
452,b2688,P0A6W9,GLUCYS
453,b3517,P69908,GLUDC
454,b1493,P69910,GLUDC
455,b1761,P00370,GLUDy
456,b3212;b3213,P09831;P09832,GLUDy;GLUSy
457,b0485,P77454,GLUN
458,b1524,P0A6W0,GLUN
459,b2312,P0AG16,GLUPRT
460,b3967,P22634,GLUR
461,b1210,P0A6X1,GLUTRR
462,b2400,P04805,GLUTRS
463,b0507,P0AEP7,GLXCL
464,b3617,P0AB77,GLYAT
465,b0514,P77364,GLYCK
466,b3124,P23524,GLYCK2
467,b0116;b2903;b2904;b2905,P0A9P0;P33195;P0A6T9;P27248,GLYCL
468,b1033,P75913,GLYCLTDx;GLYCLTDy;HPYRRx;HPYRRy
469,b2979;b4467;b4468,P0AEP9;P52074;P52073,GLYCTO2;GLYCTO3;GLYCTO4
470,b3926,P0A6F3,GLYK
471,b0212,P0AC84,GLYOX
472,b1967,P31658,GLYOX3
473,b2053,P0AC88,GMAND
474,b3052,P76658,GMHEPAT;GMHEPK
475,b0200,P63228,GMHEPPA
476,b0104,P60560,GMPR
477,b2507,P04079,GMPS;GMPS2
478,b2029,P00350,GND
479,b3437,P46859,GNK
480,b4268,P39208,GNK
481,b3715,P31467,GNP
482,b3449,P10908,GPDDA1;GPDDA2;GPDDA3;GPDDA4;GPDDA5
483,b2239,P09394,GPDDA1pp;GPDDA2pp;GPDDA3pp;GPDDA4pp;GPDDA5pp
484,b1064,P0AC59,GRXR
485,b3610,P0AC62,GRXR
486,b1654,P0AC69,GRXR
487,b0849,P68688,GRXR
488,b0477,P0AEW6,GSNK;INSK
489,b2988,P0AES0,GSPMDA;GSPMDS
490,b3500,P06715,GTHOr
491,b1710,P06610,GTHPi;THIORDXi
492,b3447,P18956,GTHRDHpp
493,b2947,P04425,GTHS
494,b2153,P0A6T5,GTPCI
495,b1277,P0A7I7,GTPCII2
496,b3779,P25552,GTPDPDP
497,b2883,P76641,GUAD
498,b0125,P0A9M2,GUAPRT;HXPRT
499,b0238,P0A9M5,GUAPRT;HXPRT;XPPT
500,b3092,P0A8G3,GUI1;GUI2
501,b1395,P76083,HADPCOADH3
502,b4040,P0AGK1,HBZOPT
503,b0126,P61517,HCO3E
504,b0339,P0ABE9,HCO3E
505,b0261,Q47690,HCYSMT;HCYSMT2
506,b0428,P0AEA5,HEMEOS
507,b3630,P25741,HEPK1
508,b3625,P27240,HEPK2
509,b3621,P24173,HEPT1
510,b3620,P37692,HEPT2
511,b3632,P25742,HEPT3
512,b3623,P27242,HEPT4
513,b2104,P76423,HETZK
514,b2388,P0A6V8,HEX1
515,b0394,P23917,HEX7
516,b2020,P06988,HISTD
517,b2022,P06987,HISTP;IGPDH
518,b0349,P77044,HKNDDH;HKNTDH
519,b3805,P06983,HMBS
520,b2103,P76422,HMPK1;PMPK
521,b2418,P40191,HMPK1;PYDAMK;PYDXK;PYDXNK
522,b0352,P51020,HOPNTAL
523,b1396,P76084,HPACOAT;PACOAT
524,b0142,P26281,HPPK2
525,b0508,P30147,HPYRI
526,b1813,P43337,HPYRP
527,b4013,P07623,HSST
528,b2021,P06986,HSTPT
529,b2866;b2867;b2868,Q46799;Q46800;Q46801,HXAND;XAND
530,b0972;b0973;b0974,P69739;P0ACD8;P0AAM1,HYD1pp;HYD2pp;HYD3pp
531,b2994;b2995;b2996;b2997,P0ACE0;P37180;P0AAJ8;P69741,HYD1pp;HYD2pp;HYD3pp
532,b2719;b2720;b2721;b2722;b2723;b2724,P16433;P16432;P16431;P16430;P16429;P0AAK1,HYD1pp
533,b2529;b2530,P0ACD4;P0A6B7,I2FE2SR;I2FE2SS;I2FE2SS2
534,b2528;b2529,P0AAC8;P0ACD4,I2FE2ST;I4FE4ST
535,b2529,P0ACD4,I4FE4SR
536,b1136,P08200,ICDHyr
537,b0593,P0AEJ2,ICHORS_copy1
538,b2265,P38051,ICHORS_copy2
539,b0595,P0ADI4,ICHORT
540,b4015,P0A9G6,ICL
541,b2530,P0A6B7,ICYSDS
542,b4267,P39346,IDOND;IDOND2
543,b2023;b2025,P60595;P60664,IG3PS
544,b1262,P00909,IGPS;PRAIi
545,b3770,P0AB80,ILETA;LEUTAi;PHETA1;TYRTA;VALTA
546,b2508,P0ADG7,IMPD
547,b3488,P37627,INOSTO
548,b2889,Q46822,IPDDI
549,b0073,P30125,IPMD
550,b1800,P76251,IPMD;MALDDH
551,b0071;b0072,P30126;P0A6A6,IPPMIa;IPPMIb
552,b0074,P09151,IPPS
553,b1091,P0A6R0,KAS15;OGMEACPS
554,b0918,P04951,KDOCT2
555,b3198,P0ABZ4,KDOPP
556,b1215,P0A715,KDOPS
557,b2843,Q46938,KDUI
558,b4196,P39304,KG6PDC
559,b3581,P37678,KG6PDC
560,b2257,P76473,LA4NTpp
561,b0344,P00722,LACZ
562,b2132,P33363,LACZpp
563,b1326,P0ACV6,LADGMDH
564,b2799,P0A9S1,LCARS
565,b0325,P75691,LCARSyi;PPDOy
566,b1380,P52643,LDH_D
567,b2133,P06149,LDH_D2
568,b1651,P0AC81,LGTHL
569,b0622,P37001,LIPAHT2ex;LIPAHTex
570,b4386,P32099,LIPAMPL;LIPATPT;OCTNLL
571,b0630,P60720,LIPOCT
572,b0628,P60716,LIPOS
573,b2245,P76469,LKDRA
574,b0182,P10441,LPADSS
575,b0494,P0ADA1,LPLIPAL1A120pp;LPLIPAL1A140pp;LPLIPAL1A141pp;LPLIPAL1A160pp;LPLIPAL1A161pp;LPLIPAL1A180pp;LPLIPAL1A181pp;LPLIPAL1E120pp;LPLIPAL1E140pp;LPLIPAL1E141pp;LPLIPAL1E160pp;LPLIPAL1E161pp;LPLIPAL1E180pp;LPLIPAL1E181pp;LPLIPAL1G120pp;LPLIPAL1G140pp;LPLIPAL1G141pp;LPLIPAL1G160pp;LPLIPAL1G161pp;LPLIPAL1G180pp;LPLIPAL1G181pp
576,b3825,P07000,LPLIPAL2A120;LPLIPAL2A140;LPLIPAL2A141;LPLIPAL2A160;LPLIPAL2A161;LPLIPAL2A180;LPLIPAL2A181;LPLIPAL2ATE120;LPLIPAL2ATE140;LPLIPAL2ATE141;LPLIPAL2ATE160;LPLIPAL2ATE161;LPLIPAL2ATE180;LPLIPAL2ATE181;LPLIPAL2ATG120;LPLIPAL2ATG140;LPLIPAL2ATG141;LPLIPAL2ATG160;LPLIPAL2ATG161;LPLIPAL2ATG180;LPLIPAL2ATG181;LPLIPAL2E120;LPLIPAL2E140;LPLIPAL2E141;LPLIPAL2E160;LPLIPAL2E161;LPLIPAL2E180;LPLIPAL2E181;LPLIPAL2G120;LPLIPAL2G140;LPLIPAL2G141;LPLIPAL2G160;LPLIPAL2G161;LPLIPAL2G180;LPLIPAL2G181
577,b4146,P39280,LYSAM
578,b0186,P52095,LYSDC
579,b4131,P0A9H3,LYSDC
580,b3903,P32170,LYXI;RMI
581,b0306;b0307;b0308,P77252;P77536;P77433,L_LACD2;L_LACD3
582,b3605,P33232,L_LACD2;L_LACD3
583,b3600,P09424,M1PD
584,b0777,P12999,MALCOAMT
585,b4014,P08997,MALS
586,b2976,P37330,MALS
587,b2049,P24174,MAN1PT2
588,b1613,P00946,MAN6PI
589,b4323,P39160,MANAO
590,b0732,P54746,MANPGH
591,b0334,P77243,MCITD
592,b0331,P77541,MCITL2
593,b0333,P31660,MCITS
594,b1092;b1094,P0AAI9;P0A6A8,MCOATA
595,b0084;b0635;b3396,P0AD68;P0AD65;P02918,MCTP1App;MCTP2App
596,b0084;b0149;b0635,P0AD68;P02919;P0AD65,MCTP1App;MCTP2App
597,b1678,P76193,MCTP1Bpp;MLDCP1App;MLDCP1Bpp;MLDCP2App;MLDCP2Bpp;MLDCP3App
598,b0925,P22525,MCTP1Bpp;MLDCP1App;MLDCP1Bpp;MLDCP2App;MLDCP2Bpp;MLDCP3App
599,b0632,P0AEB2,MDDCP1pp;MDDCP2pp;MDDCP3pp;MDDCP4pp;MDDCP5pp
600,b3182,P24228,MDDCP1pp;MDDCP2pp;MDDCP3pp;MDDCP4pp;MDDCP5pp;MDDEP1pp;MDDEP2pp;MDDEP3pp;MDDEP4pp
601,b0839,P08506,MDDCP1pp;MDDCP2pp;MDDCP3pp;MDDCP4pp;MDDCP5pp
602,b2010,P33013,MDDCP1pp;MDDCP2pp;MDDCP3pp;MDDCP4pp;MDDCP5pp
603,b0376,P0AD70,MDDCP1pp;MDDCP2pp;MDDCP3pp;MDDCP4pp;MDDCP5pp;MDDEP1pp;MDDEP2pp;MDDEP3pp;MDDEP4pp
604,b2430,P77619,MDDCP1pp;MDDCP2pp;MDDCP3pp;MDDCP4pp;MDDCP5pp
605,b2328,P0C0T5,MDDEP1pp;MDDEP2pp;MDDEP3pp;MDDEP4pp;MLDEP1pp;MLDEP2pp
606,b2134,P0AFI5,MDDEP1pp;MDDEP2pp;MDDEP3pp;MDDEP4pp
607,b1655,P76190,MDDEP1pp;MDDEP2pp;MDDEP3pp;MDDEP4pp
608,b1856,P0AFS9,MDDEP1pp;MDDEP2pp;MDDEP3pp;MDDEP4pp
609,b3236,P61889,MDH
610,b2210,P33940,MDH2;MDH3
611,b1479,P26616,ME1
612,b2463,P76558,ME2
613,b2515;b2895,P62620;P0ABY4,MECDPDH5
614,b0684;b2515,P61949;P62620,MECDPDH5
615,b2746,P62617,MECDPS
616,b2747,Q46893,MEPCT
617,b2942,P0A817,METAT
618,b1617,P05804,METGLCUR
619,b1448,P76112,METNA
620,b4019,P13009,METS
621,b3829,P25665,METS
622,b2582;b4219,P0AGG4;P0A744,METSOXR1
623,b3781;b4219,P0AA25;P0A744,METSOXR1
624,b2582;b3551,P0AGG4;P20099,METSOXR1
625,b3551;b3781,P20099;P0AA25,METSOXR1
626,b1778;b2582,P0A746;P0AGG4,METSOXR2
627,b1778;b3781,P0A746;P0AA25,METSOXR2
628,b1832;b3781,P76270;P0AA25,METSOXR2
629,b1832;b2582,P76270;P0AGG4,METSOXR2
630,b0963,P0A731,MGSA
631,b1990,P39176,MLDCP1App;MLDCP1Bpp;MLDCP2App;MLDCP2Bpp;MLDCP3App
632,b1113,P75954,MLDCP1App;MLDCP1Bpp;MLDCP2App;MLDCP2Bpp;MLDCP3App
633,b0819,P0AAX8,MLDCP1App;MLDCP1Bpp;MLDCP2App;MLDCP2Bpp;MLDCP3App
634,b0403,P21517,MLTG1;MLTG2;MLTG3;MLTG4;MLTG5
635,b2963,P0C066,MLTGY1pp;MLTGY2pp;MLTGY3pp;MLTGY4pp
636,b4392,P0AGC3,MLTGY1pp;MLTGY2pp;MLTGY3pp;MLTGY4pp
637,b2813,P0A935,MLTGY1pp;MLTGY2pp;MLTGY3pp;MLTGY4pp
638,b2701,P41052,MLTGY1pp;MLTGY2pp;MLTGY3pp;MLTGY4pp
639,b1193,P0C960,MLTGY1pp;MLTGY2pp;MLTGY3pp;MLTGY4pp
640,b2558,P0AGC5,MLTGY1pp;MLTGY2pp;MLTGY3pp;MLTGY4pp
641,b0211,P0AEZ7,MLTGY1pp;MLTGY2pp;MLTGY3pp;MLTGY4pp
642,b1097,None,MLTGY1pp;MLTGY2pp;MLTGY3pp;MLTGY4pp
643,b2919,P52045,MMCD
644,b2917,P27253,MMM
645,b4322,P24215,MNNH
646,b0784;b2530,P30748;P0A6B7,MOADSUx
647,b3633,P0AC75,MOAT;MOAT2
648,b3624,P27241,MOAT3C
649,b2877,Q46810,MOCDS
650,b0134,P31057,MOHMT
651,b0009,P0AF03,MPTAT
652,b0089;b1069;b3208,P0ABG4;P0AF16;P46022,MPTG;MPTG2
653,b0089;b1069;b3396,P0ABG4;P0AF16;P02918,MPTG;MPTG2
654,b0089;b1069;b2519,P0ABG4;P0AF16;P76577,MPTG;MPTG2
655,b0089;b0149;b1069,P0ABG4;P02919;P0AF16,MPTG;MPTG2
656,b0784;b0785,P30748;P30749,MPTS
657,b0826,P12282,MPTSS
658,b1008,P75894,MSAR
659,b0529,P24186,MTHFC;MTHFD
660,b3941,P0AEZ1,MTHFR2
661,b1059,P40874,MTRPOX;SARCOX
662,b3996,P32664,NADDP
663,b2411,P15042,NADDP
664,b1109,P00393,NADH10;NADH5;NADH9
665,b3713,P0AGE6,NADH10;NADH5;NADH9
666,b0046,P0A754,NADH10;NADH5;NADH9
667,b1004,P0A8G6,NADH10;NADH5;NADH9
668,b2276;b2277;b2278;b2279;b2280;b2281;b2282;b2283;b2284;b2285;b2286;b2287;b2288,P0AFF0;P0AFE8;P33607;P0AFE4;P0AFE0;P0AFD6;P0AFD4;P33602;P31979;P0AFD1;P33599;P0AFC7;P0AFC3,NADH16pp;NADH17pp;NADH18pp
669,b0605;b0606,P0AE08;P35340,NADHPO
670,b4167,P31806,NADHXD;NADHXE;NADPHXD;NADPHXE
671,b2615,P0A7B3,NADK
672,b3028,P0AEY5,NADPHQR2;NADPHQR3;NADPHQR4
673,b1740,P18843,NADS1
674,b3962,P27306,NADTRHD
675,b0931,P18133,NAMNPP
676,b2518,P0A763,NDPK1;NDPK2;NDPK3;NDPK4;NDPK5;NDPK6;NDPK7;NDPK8
677,b2710;b2711,Q46877;P37596,NHFRBO
678,b4390,P27278,NMNAT
679,b0639,P0A752,NMNAT;NNATr
680,b2700,P0A6G3,NMNDA
681,b1768,P21369,NNAM
682,b1991,P36562,NNDMBRT
683,b0109,P30011,NNDPR
684,b2202;b2203;b2204;b2205;b2206,P0ABL5;P0ABL3;P33934;P0AAL3;P33937,NO3R1bpp
685,b1465;b1466;b1467;b1468,P0AF32;P19317;P19318;P19319,NO3R1pp;NO3R2pp
686,b1224;b1225;b1226;b1227,P09152;P11349;P0AF26;P11350,NO3R1pp;NO3R2pp
687,b2202;b2203;b2206,P0ABL5;P0ABL3;P33937,NO3R2bpp
688,b2552,P24232,NODOx;NODOy
689,b2744,P0A840,NTD1;NTD10;NTD11;NTD12;NTD2;NTD3;NTD4;NTD5;NTD6;NTD7;NTD8;NTD9;PPA;PPA2
690,b4374,P0A8Y1,NTD1;NTD2;NTD5
691,b2291,P76491,NTD1;NTD12;NTD3;NTD5;NTD6;NTD8
692,b2361,P76514,NTD1;NTD12;NTD3;NTD5;NTD6;NTD7;NTD8;NTD9
693,b0480,P07024,NTD10pp;NTD11pp;NTD12pp;NTD1pp;NTD2pp;NTD3pp;NTD4pp;NTD5pp;NTD6pp;NTD7pp;NTD8pp;NTD9pp;UACGALPpp;UACGAMPpp;UDPGALPpp;UDPGPpp;UGLCURPpp
694,b3399,P64636,NTD11;NTD12;NTD7;NTD8;NTD9
695,b0650,P77319,NTP1
696,b4161,P39286,NTP1;NTP10;NTP3;NTP5
697,b4394,P39411,NTP10;NTP11;NTP12
698,b4352,P24203,NTP3
699,b2727,P0AAN3,NTP3
700,b2918,P27254,NTP3
701,b2173,P33030,NTP3
702,b3590,P14081,NTP3
703,b4173,P25519,NTP3
704,b0980,P07102,NTP3pp;PHYTSpp
705,b2781,P0AEY3,NTPP1;NTPP2;NTPP3;NTPP4;NTPP5;NTPP6;NTPP7;NTPP8
706,b2954,P52061,NTPP10;NTPP11;NTPP9
707,b1759,P77788,NTPP3;NTPP4
708,b0905,P75838,NTPP6
709,b3248,P25536,NTPP7;NTPP8
710,b0160,P15723,NTPTP1;NTPTP2
711,b3365;b3366,P08201;P0A9I8,NTRIR2x
712,b4070;b4071;b4072;b4073,P0ABK9;P0ABL1;P0AAK7;P32709,NTRIR3pp;NTRIR4pp
713,b2027;b2035,P76372;P37748,O16AP1pp;O16AP2pp;O16AP3pp
714,b2033,P37750,O16AT
715,b2037,P37746,O16AUNDtpp
716,b2034,P37749,O16GALFT
717,b2032,P37751,O16GLCT1
718,b0902;b0903;b2579,P0A9N4;P09373;P68066,OBTFL;PFL
719,b0902;b0903,P0A9N4;P09373,OBTFL;PFL
720,b0902;b3114,P0A9N4;P42632,OBTFL;PFL
721,b4254,P04391,OCBT
722,b0273,P06960,OCBT
723,b3187,P0AD57,OCTDPS
724,b0907,P23721,OHPBAT;PSERT;SDPTA
725,b0662,P75728,OMMBLHXy
726,b1281,P08244,OMPDC
727,b2907,P25534,OMPHHXy
728,b0350,P77608,OP4ENH
729,b3843,P0AAB4,OPHBDC
730,b2906,P25535,OPHHXy
731,b2965,P21169,ORNDC
732,b0693,P24169,ORNDC
733,b3642,P0A7E3,ORPT
734,b2373,P0AFI0,OXCDC
735,b1387,P77455,OXCOAHDH
736,b1394;b1397,P77467;P0C7L2,OXDHCOAT
737,b1014,P09546,P5CD;PROD3
738,b0386,P0A9L8,P5CR
739,b1388;b1389;b1390;b1391;b1392,P76077;P76078;P76079;P76080;P76081,PACCOAE
740,b1398,P76085,PACCOAL
741,b1518,P64461,PAI2I
742,b1517,P76143,PAI2T
743,b0133,P31663,PANTS
744,b1278,P0A924,PAPA120;PAPA120pp;PAPA140;PAPA140pp;PAPA141;PAPA141pp;PAPA160;PAPA160pp;PAPA161;PAPA161pp;PAPA180;PAPA180pp;PAPA181;PAPA181pp;PGPP120;PGPP120pp;PGPP140;PGPP140pp;PGPP141;PGPP141pp;PGPP160;PGPP160pp;PGPP161;PGPP161pp;PGPP180;PGPP180pp;PGPP181;PGPP181pp;UDCPDP;UDCPDPpp
745,b0087,P0A6W3,PAPPT3
746,b2582;b2762,P0AGG4;P17854,PAPSR
747,b2762;b3781,P17854;P0AA25,PAPSR
748,b2762;b3610,P17854;P0AC62,PAPSR2
749,b0849;b2762,P68688;P17854,PAPSR2
750,b1064;b2762,P0AC59;P17854,PAPSR2
751,b1654;b2762,P0AC69;P17854,PAPSR2
752,b3253,P26646,PCNO
753,b3032,P0AEW4,PDE1
754,b0114;b0115;b0116,P0AFG8;P06959;P0A9P0,PDH
755,b1638,P0AFI7,PDX5POi;PYAM5PO
756,b0052;b2564,P19624;P0A794,PDX5PS
757,b0766,P21829,PDXPP;PYDXPP
758,b2320,P05459,PERD
759,b3546,P37661,PETNT161pp;PETNT181pp
760,b3916,P0A796,PFK;PFK_2;PFK_3
761,b1723,P06999,PFK
762,b3951;b3952,P32674;P32675,PFL
763,b3176,P31120,PGAMT
764,b4025,P0A6T1,PGI
765,b2926,P0A799,PGK
766,b0767,P52697,PGL
767,b3385,P32662,PGLYCP
768,b0755,P62707,PGM
769,b3612,P37689,PGM
770,b0688,P36938,PGMT
771,b1317,P77366,PGMT
772,b0418,P18200,PGPP120;PGPP120pp;PGPP140;PGPP140pp;PGPP141;PGPP141pp;PGPP160;PGPP160pp;PGPP161;PGPP161pp;PGPP180;PGPP180pp;PGPP181;PGPP181pp
773,b1912,P0ABF8,PGSA120;PGSA140;PGSA141;PGSA160;PGSA161;PGSA180;PGSA181
774,b2873,Q46806,PHDA
775,b3821,P0A921,PLIPA1A120pp;PLIPA1A140pp;PLIPA1A141pp;PLIPA1A160pp;PLIPA1A161pp;PLIPA1A180pp;PLIPA1A181pp;PLIPA1E120pp;PLIPA1E140pp;PLIPA1E141pp;PLIPA1E160pp;PLIPA1E161pp;PLIPA1E180pp;PLIPA1E181pp;PLIPA1G120pp;PLIPA1G140pp;PLIPA1G141pp;PLIPA1G160pp;PLIPA1G161pp;PLIPA1G180pp;PLIPA1G181pp;PLIPA2A120pp;PLIPA2A140pp;PLIPA2A141pp;PLIPA2A160pp;PLIPA2A161pp;PLIPA2A180pp;PLIPA2A181pp;PLIPA2E120pp;PLIPA2E140pp;PLIPA2E141pp;PLIPA2E160pp;PLIPA2E161pp;PLIPA2E180pp;PLIPA2E181pp;PLIPA2G120pp;PLIPA2G140pp;PLIPA2G141pp;PLIPA2G160pp;PLIPA2G161pp;PLIPA2G180pp;PLIPA2G181pp
776,b2048,P24175,PMANM
777,b3412,P13001,PMEACPE
778,b1103,P0ACE7,PNSPA
779,b3974,P0A6I3,PNTK
780,b1010,P0AFQ5,POAACR
781,b0684;b1378,P61949;P52647,POR5
782,b1378;b2895,P52647;P0ABY4,POR5
783,b0871,P07003,POX
784,b2502,P0AFL6,PPA;PPA2
785,b4226,P0A7A9,PPA
786,b0369,P0ACB2,PPBNGS
787,b3956,P00864,PPC
788,b3639,P0ABQ0,PPCDC;PPNCL2
789,b3403,P22259,PPCK
790,b2920,P52043,PPCSCT
791,b2501,P0A7B1,PPK;PPK2
792,b4383,P0A6K6,PPM;PPM2
793,b3850,P0ACB4,PPPGO;PPPGO3
794,b1702,P23538,PPS
795,b4005,P15640,PRAGSr
796,b2499,P08178,PRAIS
797,b2026,P06989,PRAMPC;PRATPP
798,b2476,P0A7D7,PRASCSi
799,b4092,P16692,PRCPD
800,b2557,P15254,PRFGS
801,b2024,P10371,PRMICI
802,b1207,P0A717,PRPPS
803,b0908,P0A6D3,PSCVT
804,b4160,P0A8K1,PSD120;PSD140;PSD141;PSD160;PSD161;PSD180;PSD181
805,b4388,P0AGB0,PSP_L
806,b2585,P23830,PSSA120;PSSA140;PSSA141;PSSA160;PSSA161;PSSA180;PSSA181
807,b2166,P30235,PSURIK
808,b2297,P0A9M8,PTA2;PTAr
809,b2458,P77218,PTAr
810,b3634,P0A6I6,PTPATi
811,b3073,P42588,PTRCTA
812,b1021;b1022,P69432;P75905,PUACGAMS
813,b2407,P45563,PUNP3;PUNP4;PUNP5;PUNP6;PUNP7
814,b1636,P77150,PYDXK
815,b1854,P21599,PYK;PYK2;PYK3;PYK4;PYK6
816,b1676,P0AD61,PYK
817,b3831,P12758,PYNP2r
818,b1007;b1012,P75893;P75898,PYROX
819,b3029,P0ADU2,QMO2;QMO3
820,b1692,P0A6D5,QUINDH;QUINDHyi;SHK3Dr
821,b0750,P11458,QULNS
822,b4094,P16690,R15BPK
823,b0415,P61714,RBFSa
824,b1662,P0AFU8,RBFSb
825,b3752,P0A9J6,RBK
826,b0063,P08204,RBK_L1;XYLK;XYLK2
827,b0061,P08203,RBP4E
828,b4198,P39306,RBP4E
829,b3583,P37680,RBP4E
830,b1394,P77467,REPHACCOAI
831,b3629,P27126,RHAT1
832,b2687,P45578,RHCCE
833,b2247,P77215,RHMND
834,b3904,P32171,RMK
835,b3902,P32169,RMPA
836,b2234;b2235;b2582,P00452;P69924;P0AGG4,RNDR1;RNDR2;RNDR3;RNDR4
837,b2234;b2235;b3781,P00452;P69924;P0AA25,RNDR1;RNDR2;RNDR3;RNDR4
838,b1064;b2675;b2676,P0AC59;P39452;P37146,RNDR1b;RNDR2b;RNDR3b;RNDR4b
839,b2675;b2676;b3610,P39452;P37146;P0AC62,RNDR1b;RNDR2b;RNDR3b;RNDR4b
840,b0849;b2675;b2676,P68688;P39452;P37146,RNDR1b;RNDR2b;RNDR3b;RNDR4b
841,b1654;b2675;b2676,P0AC69;P39452;P37146,RNDR1b;RNDR2b;RNDR3b;RNDR4b
842,b0684;b3924;b4237;b4238,P61949;P28861;P0A9N8;P28903,RNTR1c2;RNTR2c2;RNTR3c2;RNTR4c2
843,b2895;b3924;b4237;b4238,P0ABY4;P28861;P0A9N8;P28903,RNTR1c2;RNTR2c2;RNTR3c2;RNTR4c2
844,b0684;b4238,P61949;P28903,RNTR1c2;RNTR2c2;RNTR3c2;RNTR4c2
845,b2895;b4238,P0ABY4;P28903,RNTR1c2;RNTR2c2;RNTR3c2;RNTR4c2
846,b3386,P0AG07,RPE
847,b2914,P0A7Z0,RPI
848,b4095,P16689,RPNTPH
849,b0638,P52086,RZ5PP
850,b1679;b1680;b1681;b1682;b1683,P76194;P77444;P77689;P77499;P77522,S2FE2SR;S2FE2SS;S2FE2SS2
851,b1681;b1682;b1683;b1684,P77689;P77499;P77522;P77667,S2FE2ST;S4FE4ST
852,b1681;b1682;b1683,P77689;P77499;P77522,S4FE4SR
853,b0222,P63224,S7PI
854,b1745,P76216,SADH
855,b2751;b2752,P23845;P21156,SADT2
856,b2705,P05707,SBTPD
857,b1679;b1680,P76194;P77444,SCYSDS
858,b2472,P0AED7,SDPDS
859,b1764,P16456,SELNPS
860,b2264,P17109,SEPHCHCS
861,b0586,P11454,SERASr
862,b3607,P0A9D4,SERAT
863,b2366,P00926,SERD_D
864,b4471,P42630,SERD_L
865,b1814,P16095,SERD_L
866,b2797,P30744,SERD_L
867,b3117,P0AGF6,SERD_L;THRD_L
868,b2154,P33018,SFGTHi
869,b0355,P51025,SFGTHi
870,b1744,P76215,SGDS
871,b1746,P76217,SGSAD
872,b2263,P37355,SHCHCS3
873,b3368,P0AEA8,SHCHD2;SHCHF;UPP3MT
874,b2660,P37339,SHGO
875,b3281,P15770,SHK3Dr
876,b3390,P0A6D7,SHKK
877,b0388,P0A6E1,SHKK
878,b3939,P00935,SHSL1
879,b1584,P0A951,SPMDAT1;SPMDAT2
880,b3908,P00448,SPODM
881,b1656,P0AGD3,SPODM
882,b1646,P0AGD1,SPODMpp
883,b3878,P32138,SQGH
884,b3880,P32140,SQVOSI
885,b1525,P76149,SSALx;SSALy
886,b2661,P25526,SSALy
887,b2260,P37353,SUCBZL
888,b2261,P29208,SUCBZS
889,b0721;b0722;b0723;b0724,P69054;P0AC44;P0AC41;P07014,SUCDi
890,b0728;b0729,P0A836;P0AGE9,SUCOAS
891,b1521,P0A6L7,TAGURr
892,b0008,P0A870,TALA
893,b2464,P0A867,TALA
894,b3061;b3062,P05847;P0AC35,TARTD
895,b0368,P37610,TAUDO
896,b3790,P27832,TDPADGAT
897,b3791,P27833,TDPAGTA
898,b2038,P37745,TDPDRE
899,b2040,P37760,TDPDRR
900,b3788,P27830,TDPGDH
901,b2041,P37759,TDPGDH
902,b0915,P27300,TDSK
903,b1430,P25397,TEO2M
904,b3132;b3137,P0C8K0;P0AB74,TGBPA
905,b2095;b2096,P0C8J8;P0C8J6,TGBPA
906,b1602;b1603,P0AB67;P07001,THD2pp
907,b0166,P0A9D8,THDPS
908,b2480;b3781,P0AE52;P0AA25,THIORDXi
909,b2480;b2582,P0AE52;P0AGG4,THIORDXi
910,b3616,P07913,THRD
911,b3589,P37686,THRD
912,b3772,P04968,THRD_L
913,b0004,P00934,THRS
914,b0423;b2530;b3990;b3992;b4407,P77718;P0A6B7;P30140;P30138;O32583,THZPSN3
915,b2935,P27302,TKT1;TKT2
916,b2465,P33570,TKT1;TKT2
917,b0996;b0997,P33226;P33225,TMAOR1pp;TMAOR2pp
918,b2827,P0A884,TMDS
919,b1106,P75948,TMK
920,b0417,P0AGG0,TMPK
921,b3993,P30137,TMPPP
922,b3919,P0A858,TPI
923,b0613,P77231,TPRDCOAS
924,b0888;b3781,P0A9P4;P0AA25,TRDR
925,b0888;b2582,P0A9P4;P0AGG4,TRDR
926,b4239,P28904,TRE6PH
927,b1897,P31678,TRE6PP
928,b1896,P31677,TRE6PS
929,b3519,P62601,TREH
930,b1197,P13482,TREHpp
931,b1260;b1261,P0A877;P0A879,TRPS1;TRPS2;TRPS3
932,b0509,P77161,TRSARr
933,b3125,P0ABQ2,TRSARr
934,b3991,P30139,TYRL
935,b0179,P21645,U23GAAT
936,b0085,P22188,UAAGDS
937,b3787,P27829,UACMAMO
938,b3786,P27828,UAG2E
939,b0181;b1094,P0A722;P0A6A8,UAGAAT
940,b3189,P0A749,UAGCVT
941,b0090,P17443,UAGPT3
942,b0088,P14900,UAMAGS
943,b0091,P17952,UAMAS
944,b3972,P08373,UAPGR
945,b0841,P75806,UDCPDP;UDCPDPpp
946,b3057,P60932,UDCPDP;UDCPDPpp
947,b0174,P60472,UDCPDPS
948,b0759,P09147,UDPG4E
949,b2036,P37747,UDPGALM
950,b2028,P76373,UDPGD
951,b2255,P77398,UDPGDC;ULA4NFT
952,b2047,P71241,UDPGPT
953,b2253,P77690,UDPKAAT
954,b0515,P75713,UGCIAMH
955,b0758,P09148,UGLT
956,b0505,P77731,UGLYCH
957,b0086,P11880,UGMDDS
958,b0096,P0A725,UHGADA
959,b4233,P37773,UM3PL;UM4PL
960,b0171,P0A7E9,UMPK
961,b2256,P76472,UPLA4FNF
962,b2254,P77757,UPLA4FNT
963,b3804,P09126,UPP3S
964,b3997,P29680,UPPDC1
965,b2498,P0A8F0,UPPRT
966,b1011,P75897,URACPAH
967,b0517,P77555,URDGLYCD
968,b0524,P43341,USHD
969,b3572,P09053,VPAMTr
970,b4197,P39305,X5PL3E
971,b3582,P37679,X5PL3E
972,b3656,P31434,XYHDL
973,b3565,P00944,XYLI1;XYLI2
974,b2165,P33025,YUMPS
